Angle,Radius,Value
3.75,0.05,3.39E-04
3.75,0.1,2.46E-04
3.75,0.15,1.96E-04
3.75,0.2,1.62E-04
3.75,0.3,2.53E-04
3.75,0.4,1.90E-04
3.75,0.5,1.48E-04
3.75,0.6,1.17E-04
3.75,0.8,1.70E-04
3.75,1,1.13E-04
3.75,1.5,1.43E-04
3.75,2,5.17E-05
3.75,3,4.46E-05
3.75,4,3.99E-05
3.75,5,3.99E-05
3.75,6,3.88E-05
3.75,8,7.63E-05
3.75,10,7.28E-05
3.75,15,1.71E-04
3.75,20,1.51E-04
3.75,30,2.51E-04
3.75,40,1.89E-04
3.75,50,1.40E-04
3.75,60,9.63E-05
7.5,0.05,8.24E-04
7.5,0.1,6.41E-04
7.5,0.15,5.24E-04
7.5,0.2,4.40E-04
7.5,0.3,7.00E-04
7.5,0.4,5.33E-04
7.5,0.5,4.17E-04
7.5,0.6,3.33E-04
7.5,0.8,4.88E-04
7.5,1,3.24E-04
7.5,1.5,4.10E-04
7.5,2,1.49E-04
7.5,3,1.23E-04
7.5,4,1.10E-04
7.5,5,1.09E-04
7.5,6,1.08E-04
7.5,8,2.10E-04
7.5,10,2.01E-04
7.5,15,4.71E-04
7.5,20,4.23E-04
7.5,30,7.03E-04
7.5,40,5.33E-04
7.5,50,3.92E-04
7.5,60,2.70E-04
11.25,0.05,1.06E-03
11.25,0.1,8.63E-04
11.25,0.15,7.23E-04
11.25,0.2,6.18E-04
11.25,0.3,1.01E-03
11.25,0.4,7.83E-04
11.25,0.5,6.23E-04
11.25,0.6,5.03E-04
11.25,0.8,7.44E-04
11.25,1,4.99E-04
11.25,1.5,6.36E-04
11.25,2,2.30E-04
11.25,3,1.90E-04
11.25,4,1.68E-04
11.25,5,1.66E-04
11.25,6,1.64E-04
11.25,8,3.18E-04
11.25,10,3.07E-04
11.25,15,7.16E-04
11.25,20,6.43E-04
11.25,30,1.07E-03
11.25,40,8.09E-04
11.25,50,5.93E-04
11.25,60,4.03E-04
15,0.05,1.16E-03
15,0.1,9.57E-04
15,0.15,8.13E-04
15,0.2,7.05E-04
15,0.3,1.17E-03
15,0.4,9.29E-04
15,0.5,7.50E-04
15,0.6,6.14E-04
15,0.8,9.20E-04
15,1,6.24E-04
15,1.5,8.03E-04
15,2,2.89E-04
15,3,2.38E-04
15,4,2.10E-04
15,5,2.06E-04
15,6,2.03E-04
15,8,3.95E-04
15,10,3.80E-04
15,15,8.89E-04
15,20,7.97E-04
15,30,1.33E-03
15,40,1.00E-03
15,50,7.29E-04
15,60,4.91E-04
18.75,0.05,1.19E-03
18.75,0.1,9.81E-04
18.75,0.15,8.35E-04
18.75,0.2,7.29E-04
18.75,0.3,1.22E-03
18.75,0.4,9.86E-04
18.75,0.5,8.07E-04
18.75,0.6,6.67E-04
18.75,0.8,1.01E-03
18.75,1,6.93E-04
18.75,1.5,9.05E-04
18.75,2,3.25E-04
18.75,3,2.68E-04
18.75,4,2.35E-04
18.75,5,2.30E-04
18.75,6,2.26E-04
18.75,8,4.41E-04
18.75,10,4.25E-04
18.75,15,9.94E-04
18.75,20,8.93E-04
18.75,30,1.49E-03
18.75,40,1.12E-03
18.75,50,8.07E-04
18.75,60,5.35E-04
22.5,0.05,1.19E-03
22.5,0.1,9.63E-04
22.5,0.15,8.18E-04
22.5,0.2,7.15E-04
22.5,0.3,1.20E-03
22.5,0.4,9.81E-04
22.5,0.5,8.11E-04
22.5,0.6,6.76E-04
22.5,0.8,1.03E-03
22.5,1,7.17E-04
22.5,1.5,9.39E-04
22.5,2,3.39E-04
22.5,3,2.82E-04
22.5,4,2.46E-04
22.5,5,2.41E-04
22.5,6,2.37E-04
22.5,8,4.62E-04
22.5,10,4.46E-04
22.5,15,1.05E-03
22.5,20,9.45E-04
22.5,30,1.57E-03
22.5,40,1.18E-03
22.5,50,8.42E-04
22.5,60,5.49E-04
26.25,0.05,1.17E-03
26.25,0.1,9.22E-04
26.25,0.15,7.77E-04
26.25,0.2,6.78E-04
26.25,0.3,1.14E-03
26.25,0.4,9.36E-04
26.25,0.5,7.79E-04
26.25,0.6,6.52E-04
26.25,0.8,1.00E-03
26.25,1,7.00E-04
26.25,1.5,9.19E-04
26.25,2,3.33E-04
26.25,3,2.82E-04
26.25,4,2.48E-04
26.25,5,2.42E-04
26.25,6,2.38E-04
26.25,8,4.66E-04
26.25,10,4.50E-04
26.25,15,1.06E-03
26.25,20,9.62E-04
26.25,30,1.60E-03
26.25,40,1.20E-03
26.25,50,8.46E-04
26.25,60,5.42E-04
30,0.05,1.14E-03
30,0.1,8.67E-04
30,0.15,7.25E-04
30,0.2,6.31E-04
30,0.3,1.06E-03
30,0.4,8.71E-04
30,0.5,7.25E-04
30,0.6,6.07E-04
30,0.8,9.39E-04
30,1,6.57E-04
30,1.5,8.60E-04
30,2,3.11E-04
30,3,2.72E-04
30,4,2.42E-04
30,5,2.37E-04
30,6,2.33E-04
30,8,4.56E-04
30,10,4.45E-04
30,15,1.05E-03
30,20,9.56E-04
30,30,1.60E-03
30,40,1.19E-03
30,50,8.29E-04
30,60,5.20E-04
33.75,0.05,1.10E-03
33.75,0.1,8.04E-04
33.75,0.15,6.67E-04
33.75,0.2,5.77E-04
33.75,0.3,9.71E-04
33.75,0.4,7.93E-04
33.75,0.5,6.59E-04
33.75,0.6,5.53E-04
33.75,0.8,8.51E-04
33.75,1,5.94E-04
33.75,1.5,7.76E-04
33.75,2,2.81E-04
33.75,3,2.56E-04
33.75,4,2.31E-04
33.75,5,2.27E-04
33.75,6,2.24E-04
33.75,8,4.41E-04
33.75,10,4.31E-04
33.75,15,1.03E-03
33.75,20,9.37E-04
33.75,30,1.57E-03
33.75,40,1.16E-03
33.75,50,8.00E-04
33.75,60,4.92E-04
37.5,0.05,1.05E-03
37.5,0.1,7.37E-04
37.5,0.15,6.05E-04
37.5,0.2,5.22E-04
37.5,0.3,8.74E-04
37.5,0.4,7.10E-04
37.5,0.5,5.87E-04
37.5,0.6,4.91E-04
37.5,0.8,7.52E-04
37.5,1,5.22E-04
37.5,1.5,6.79E-04
37.5,2,2.47E-04
37.5,3,2.38E-04
37.5,4,2.17E-04
37.5,5,2.16E-04
37.5,6,2.13E-04
37.5,8,4.22E-04
37.5,10,4.14E-04
37.5,15,9.92E-04
37.5,20,9.10E-04
37.5,30,1.52E-03
37.5,40,1.12E-03
37.5,50,7.63E-04
37.5,60,4.60E-04
41.25,0.05,9.96E-04
41.25,0.1,6.69E-04
41.25,0.15,5.45E-04
41.25,0.2,4.67E-04
41.25,0.3,7.76E-04
41.25,0.4,6.26E-04
41.25,0.5,5.15E-04
41.25,0.6,4.29E-04
41.25,0.8,6.52E-04
41.25,1,4.48E-04
41.25,1.5,5.76E-04
41.25,2,2.12E-04
41.25,3,2.19E-04
41.25,4,2.04E-04
41.25,5,2.03E-04
41.25,6,2.02E-04
41.25,8,4.01E-04
41.25,10,3.96E-04
41.25,15,9.51E-04
41.25,20,8.77E-04
41.25,30,1.47E-03
41.25,40,1.07E-03
41.25,50,7.22E-04
41.25,60,4.27E-04
45,0.05,9.31E-04
45,0.1,6.01E-04
45,0.15,4.86E-04
45,0.2,4.14E-04
45,0.3,6.83E-04
45,0.4,5.46E-04
45,0.5,4.47E-04
45,0.6,3.68E-04
45,0.8,5.57E-04
45,1,3.77E-04
45,1.5,4.79E-04
45,2,1.80E-04
45,3,2.01E-04
45,4,1.90E-04
45,5,1.91E-04
45,6,1.90E-04
45,8,3.79E-04
45,10,3.75E-04
45,15,9.10E-04
45,20,8.41E-04
45,30,1.41E-03
45,40,1.02E-03
45,50,6.79E-04
45,60,3.93E-04
48.75,0.05,8.60E-04
48.75,0.1,5.36E-04
48.75,0.15,4.30E-04
48.75,0.2,3.64E-04
48.75,0.3,5.95E-04
48.75,0.4,4.71E-04
48.75,0.5,3.81E-04
48.75,0.6,3.12E-04
48.75,0.8,4.66E-04
48.75,1,3.12E-04
48.75,1.5,3.89E-04
48.75,2,1.51E-04
48.75,3,1.84E-04
48.75,4,1.78E-04
48.75,5,1.78E-04
48.75,6,1.78E-04
48.75,8,3.57E-04
48.75,10,3.56E-04
48.75,15,8.66E-04
48.75,20,8.05E-04
48.75,30,1.35E-03
48.75,40,9.66E-04
48.75,50,6.37E-04
48.75,60,3.62E-04
52.5,0.05,7.87E-04
52.5,0.1,4.75E-04
52.5,0.15,3.77E-04
52.5,0.2,3.17E-04
52.5,0.3,5.13E-04
52.5,0.4,4.01E-04
52.5,0.5,3.22E-04
52.5,0.6,2.60E-04
52.5,0.8,3.85E-04
52.5,1,2.55E-04
52.5,1.5,3.15E-04
52.5,2,1.27E-04
52.5,3,1.69E-04
52.5,4,1.65E-04
52.5,5,1.66E-04
52.5,6,1.67E-04
52.5,8,3.35E-04
52.5,10,3.36E-04
52.5,15,8.24E-04
52.5,20,7.70E-04
52.5,30,1.29E-03
52.5,40,9.15E-04
52.5,50,5.96E-04
52.5,60,3.32E-04
56.25,0.05,7.12E-04
56.25,0.1,4.17E-04
56.25,0.15,3.28E-04
56.25,0.2,2.74E-04
56.25,0.3,4.39E-04
56.25,0.4,3.38E-04
56.25,0.5,2.69E-04
56.25,0.6,2.15E-04
56.25,0.8,3.14E-04
56.25,1,2.04E-04
56.25,1.5,2.52E-04
56.25,2,1.08E-04
56.25,3,1.55E-04
56.25,4,1.54E-04
56.25,5,1.56E-04
56.25,6,1.57E-04
56.25,8,3.16E-04
56.25,10,3.18E-04
56.25,15,7.84E-04
56.25,20,7.35E-04
56.25,30,1.23E-03
56.25,40,8.66E-04
56.25,50,5.56E-04
56.25,60,3.04E-04
60,0.05,6.38E-04
60,0.1,3.64E-04
60,0.15,2.84E-04
60,0.2,2.35E-04
60,0.3,3.72E-04
60,0.4,2.83E-04
60,0.5,2.22E-04
60,0.6,1.76E-04
60,0.8,2.53E-04
60,1,1.62E-04
60,1.5,2.01E-04
60,2,9.25E-05
60,3,1.43E-04
60,4,1.43E-04
60,5,1.45E-04
60,6,1.47E-04
60,8,2.98E-04
60,10,3.01E-04
60,15,7.46E-04
60,20,7.02E-04
60,30,1.17E-03
60,40,8.17E-04
60,50,5.18E-04
60,60,2.78E-04
63.75,0.05,5.66E-04
63.75,0.1,3.16E-04
63.75,0.15,2.43E-04
63.75,0.2,1.99E-04
63.75,0.3,3.12E-04
63.75,0.4,2.34E-04
63.75,0.5,1.81E-04
63.75,0.6,1.43E-04
63.75,0.8,2.03E-04
63.75,1,1.28E-04
63.75,1.5,1.60E-04
63.75,2,8.00E-05
63.75,3,1.33E-04
63.75,4,1.34E-04
63.75,5,1.36E-04
63.75,6,1.38E-04
63.75,8,2.81E-04
63.75,10,2.85E-04
63.75,15,7.11E-04
63.75,20,6.70E-04
63.75,30,1.11E-03
63.75,40,7.71E-04
63.75,50,4.82E-04
63.75,60,2.54E-04
67.5,0.05,4.97E-04
67.5,0.1,2.72E-04
67.5,0.15,2.07E-04
67.5,0.2,1.68E-04
67.5,0.3,2.59E-04
67.5,0.4,1.92E-04
67.5,0.5,1.46E-04
67.5,0.6,1.14E-04
67.5,0.8,1.59E-04
67.5,1,1.01E-04
67.5,1.5,1.29E-04
67.5,2,7.00E-05
67.5,3,1.23E-04
67.5,4,1.24E-04
67.5,5,1.27E-04
67.5,6,1.29E-04
67.5,8,2.65E-04
67.5,10,2.70E-04
67.5,15,6.77E-04
67.5,20,6.40E-04
67.5,30,1.06E-03
67.5,40,7.28E-04
67.5,50,4.48E-04
67.5,60,2.32E-04
71.25,0.05,4.33E-04
71.25,0.1,2.32E-04
71.25,0.15,1.75E-04
71.25,0.2,1.40E-04
71.25,0.3,2.15E-04
71.25,0.4,1.56E-04
71.25,0.5,1.18E-04
71.25,0.6,9.07E-05
71.25,0.8,1.26E-04
71.25,1,7.90E-05
71.25,1.5,1.05E-04
71.25,2,6.24E-05
71.25,3,1.14E-04
71.25,4,1.16E-04
71.25,5,1.19E-04
71.25,6,1.22E-04
71.25,8,2.51E-04
71.25,10,2.57E-04
71.25,15,6.45E-04
71.25,20,6.10E-04
71.25,30,1.01E-03
71.25,40,6.86E-04
71.25,50,4.17E-04
71.25,60,2.13E-04
75,0.05,3.76E-04
75,0.1,1.97E-04
75,0.15,1.47E-04
75,0.2,1.17E-04
75,0.3,1.76E-04
75,0.4,1.26E-04
75,0.5,9.45E-05
75,0.6,7.20E-05
75,0.8,9.97E-05
75,1,6.24E-05
75,1.5,8.63E-05
75,2,5.63E-05
75,3,1.06E-04
75,4,1.09E-04
75,5,1.12E-04
75,6,1.15E-04
75,8,2.38E-04
75,10,2.44E-04
75,15,6.15E-04
75,20,5.83E-04
75,30,9.58E-04
75,40,6.46E-04
75,50,3.88E-04
75,60,1.94E-04
78.75,0.05,3.26E-04
78.75,0.1,1.67E-04
78.75,0.15,1.22E-04
78.75,0.2,9.62E-05
78.75,0.3,1.43E-04
78.75,0.4,1.01E-04
78.75,0.5,7.50E-05
78.75,0.6,5.67E-05
78.75,0.8,7.86E-05
78.75,1,5.00E-05
78.75,1.5,7.26E-05
78.75,2,5.16E-05
78.75,3,9.95E-05
78.75,4,1.02E-04
78.75,5,1.06E-04
78.75,6,1.09E-04
78.75,8,2.26E-04
78.75,10,2.32E-04
78.75,15,5.86E-04
78.75,20,5.56E-04
78.75,30,9.11E-04
78.75,40,6.08E-04
78.75,50,3.61E-04
78.75,60,1.78E-04
82.5,0.05,2.81E-04
82.5,0.1,1.40E-04
82.5,0.15,1.01E-04
82.5,0.2,7.85E-05
82.5,0.3,1.16E-04
82.5,0.4,8.13E-05
82.5,0.5,5.93E-05
82.5,0.6,4.49E-05
82.5,0.8,6.22E-05
82.5,1,4.02E-05
82.5,1.5,6.21E-05
82.5,2,4.73E-05
82.5,3,9.29E-05
82.5,4,9.62E-05
82.5,5,9.98E-05
82.5,6,1.03E-04
82.5,8,2.14E-04
82.5,10,2.21E-04
82.5,15,5.60E-04
82.5,20,5.31E-04
82.5,30,8.67E-04
82.5,40,5.73E-04
82.5,50,3.35E-04
82.5,60,1.62E-04
86.25,0.05,2.36E-04
86.25,0.1,1.17E-04
86.25,0.15,8.33E-05
86.25,0.2,6.42E-05
86.25,0.3,9.33E-05
86.25,0.4,6.47E-05
86.25,0.5,4.73E-05
86.25,0.6,3.58E-05
86.25,0.8,4.96E-05
86.25,1,3.28E-05
86.25,1.5,5.38E-05
86.25,2,4.36E-05
86.25,3,8.72E-05
86.25,4,9.11E-05
86.25,5,9.44E-05
86.25,6,9.77E-05
86.25,8,2.04E-04
86.25,10,2.11E-04
86.25,15,5.34E-04
86.25,20,5.07E-04
86.25,30,8.23E-04
86.25,40,5.39E-04
86.25,50,3.11E-04
86.25,60,1.49E-04
90,0.05,1.96E-04
90,0.1,9.68E-05
90,0.15,6.84E-05
90,0.2,5.23E-05
90,0.3,7.50E-05
90,0.4,5.16E-05
90,0.5,3.77E-05
90,0.6,2.84E-05
90,0.8,3.99E-05
90,1,2.75E-05
90,1.5,4.73E-05
90,2,4.07E-05
90,3,8.18E-05
90,4,8.56E-05
90,5,8.90E-05
90,6,9.25E-05
90,8,1.93E-04
90,10,2.01E-04
90,15,5.10E-04
90,20,4.83E-04
90,30,7.82E-04
90,40,5.07E-04
90,50,2.89E-04
90,60,1.36E-04
93.75,0.05,1.65E-04
93.75,0.1,7.99E-05
93.75,0.15,5.56E-05
93.75,0.2,4.22E-05
93.75,0.3,6.03E-05
93.75,0.4,4.13E-05
93.75,0.5,3.00E-05
93.75,0.6,2.28E-05
93.75,0.8,3.28E-05
93.75,1,2.32E-05
93.75,1.5,4.25E-05
93.75,2,3.80E-05
93.75,3,7.72E-05
93.75,4,8.09E-05
93.75,5,8.46E-05
93.75,6,8.81E-05
93.75,8,1.84E-04
93.75,10,1.91E-04
93.75,15,4.87E-04
93.75,20,4.61E-04
93.75,30,7.42E-04
93.75,40,4.76E-04
93.75,50,2.69E-04
93.75,60,1.25E-04
97.5,0.05,1.38E-04
97.5,0.1,6.55E-05
97.5,0.15,4.53E-05
97.5,0.2,3.41E-05
97.5,0.3,4.82E-05
97.5,0.4,3.30E-05
97.5,0.5,2.40E-05
97.5,0.6,1.88E-05
97.5,0.8,2.72E-05
97.5,1,1.99E-05
97.5,1.5,3.87E-05
97.5,2,3.54E-05
97.5,3,7.25E-05
97.5,4,7.65E-05
97.5,5,8.03E-05
97.5,6,8.33E-05
97.5,8,1.75E-04
97.5,10,1.82E-04
97.5,15,4.64E-04
97.5,20,4.39E-04
97.5,30,7.04E-04
97.5,40,4.48E-04
97.5,50,2.50E-04
97.5,60,1.15E-04
101.25,0.05,1.16E-04
101.25,0.1,5.37E-05
101.25,0.15,3.67E-05
101.25,0.2,2.74E-05
101.25,0.3,3.88E-05
101.25,0.4,2.67E-05
101.25,0.5,1.96E-05
101.25,0.6,1.54E-05
101.25,0.8,2.29E-05
101.25,1,1.75E-05
101.25,1.5,3.55E-05
101.25,2,3.31E-05
101.25,3,6.83E-05
101.25,4,7.22E-05
101.25,5,7.58E-05
101.25,6,7.91E-05
101.25,8,1.66E-04
101.25,10,1.74E-04
101.25,15,4.41E-04
101.25,20,4.18E-04
101.25,30,6.67E-04
101.25,40,4.20E-04
101.25,50,2.32E-04
101.25,60,1.05E-04
105,0.05,9.63E-05
105,0.1,4.38E-05
105,0.15,2.97E-05
105,0.2,2.22E-05
105,0.3,3.15E-05
105,0.4,2.15E-05
105,0.5,1.61E-05
105,0.6,1.28E-05
105,0.8,1.97E-05
105,1,1.56E-05
105,1.5,3.24E-05
105,2,3.10E-05
105,3,6.44E-05
105,4,6.81E-05
105,5,7.18E-05
105,6,7.51E-05
105,8,1.58E-04
105,10,1.65E-04
105,15,4.20E-04
105,20,3.97E-04
105,30,6.31E-04
105,40,3.94E-04
105,50,2.15E-04
105,60,9.64E-05
108.75,0.05,8.00E-05
108.75,0.1,3.56E-05
108.75,0.15,2.40E-05
108.75,0.2,1.79E-05
108.75,0.3,2.53E-05
108.75,0.4,1.75E-05
108.75,0.5,1.34E-05
108.75,0.6,1.08E-05
108.75,0.8,1.71E-05
108.75,1,1.38E-05
108.75,1.5,2.99E-05
108.75,2,2.90E-05
108.75,3,6.05E-05
108.75,4,6.42E-05
108.75,5,6.78E-05
108.75,6,7.09E-05
108.75,8,1.49E-04
108.75,10,1.57E-04
108.75,15,3.99E-04
108.75,20,3.76E-04
108.75,30,5.96E-04
108.75,40,3.69E-04
108.75,50,1.99E-04
108.75,60,8.83E-05
112.5,0.05,6.63E-05
112.5,0.1,2.91E-05
112.5,0.15,1.94E-05
112.5,0.2,1.44E-05
112.5,0.3,2.07E-05
112.5,0.4,1.45E-05
112.5,0.5,1.13E-05
112.5,0.6,9.20E-06
112.5,0.8,1.51E-05
112.5,1,1.25E-05
112.5,1.5,2.76E-05
112.5,2,2.74E-05
112.5,3,5.70E-05
112.5,4,6.06E-05
112.5,5,6.40E-05
112.5,6,6.71E-05
112.5,8,1.41E-04
112.5,10,1.48E-04
112.5,15,3.78E-04
112.5,20,3.57E-04
112.5,30,5.62E-04
112.5,40,3.45E-04
112.5,50,1.85E-04
112.5,60,8.12E-05
116.25,0.05,5.49E-05
116.25,0.1,2.36E-05
116.25,0.15,1.57E-05
116.25,0.2,1.18E-05
116.25,0.3,1.70E-05
116.25,0.4,1.21E-05
116.25,0.5,9.61E-06
116.25,0.6,8.05E-06
116.25,0.8,1.34E-05
116.25,1,1.14E-05
116.25,1.5,2.58E-05
116.25,2,2.57E-05
116.25,3,5.37E-05
116.25,4,5.70E-05
116.25,5,6.03E-05
116.25,6,6.32E-05
116.25,8,1.34E-04
116.25,10,1.40E-04
116.25,15,3.58E-04
116.25,20,3.37E-04
116.25,30,5.28E-04
116.25,40,3.23E-04
116.25,50,1.71E-04
116.25,60,7.41E-05
120,0.05,4.53E-05
120,0.1,1.93E-05
120,0.15,1.28E-05
120,0.2,9.62E-06
120,0.3,1.40E-05
120,0.4,1.02E-05
120,0.5,8.20E-06
120,0.6,6.94E-06
120,0.8,1.18E-05
120,1,1.04E-05
120,1.5,2.39E-05
120,2,2.39E-05
120,3,5.02E-05
120,4,5.36E-05
120,5,5.66E-05
120,6,5.95E-05
120,8,1.26E-04
120,10,1.32E-04
120,15,3.37E-04
120,20,3.17E-04
120,30,4.96E-04
120,40,3.00E-04
120,50,1.58E-04
120,60,6.78E-05
123.75,0.05,3.74E-05
123.75,0.1,1.57E-05
123.75,0.15,1.05E-05
123.75,0.2,7.93E-06
123.75,0.3,1.18E-05
123.75,0.4,8.68E-06
123.75,0.5,7.15E-06
123.75,0.6,6.05E-06
123.75,0.8,1.04E-05
123.75,1,9.48E-06
123.75,1.5,2.22E-05
123.75,2,2.22E-05
123.75,3,4.71E-05
123.75,4,5.02E-05
123.75,5,5.33E-05
123.75,6,5.59E-05
123.75,8,1.18E-04
123.75,10,1.24E-04
123.75,15,3.17E-04
123.75,20,2.98E-04
123.75,30,4.63E-04
123.75,40,2.79E-04
123.75,50,1.46E-04
123.75,60,6.18E-05
127.5,0.05,3.08E-05
127.5,0.1,1.29E-05
127.5,0.15,8.70E-06
127.5,0.2,6.61E-06
127.5,0.3,9.95E-06
127.5,0.4,7.46E-06
127.5,0.5,6.19E-06
127.5,0.6,5.44E-06
127.5,0.8,9.53E-06
127.5,1,8.63E-06
127.5,1.5,2.05E-05
127.5,2,2.07E-05
127.5,3,4.38E-05
127.5,4,4.70E-05
127.5,5,4.98E-05
127.5,6,5.24E-05
127.5,8,1.11E-04
127.5,10,1.16E-04
127.5,15,2.97E-04
127.5,20,2.78E-04
127.5,30,4.32E-04
127.5,40,2.58E-04
127.5,50,1.33E-04
127.5,60,5.64E-05
131.25,0.05,2.54E-05
131.25,0.1,1.06E-05
131.25,0.15,7.21E-06
131.25,0.2,5.51E-06
131.25,0.3,8.36E-06
131.25,0.4,6.44E-06
131.25,0.5,5.42E-06
131.25,0.6,4.80E-06
131.25,0.8,8.56E-06
131.25,1,7.91E-06
131.25,1.5,1.89E-05
131.25,2,1.93E-05
131.25,3,4.07E-05
131.25,4,4.36E-05
131.25,5,4.64E-05
131.25,6,4.87E-05
131.25,8,1.03E-04
131.25,10,1.09E-04
131.25,15,2.76E-04
131.25,20,2.59E-04
131.25,30,4.01E-04
131.25,40,2.38E-04
131.25,50,1.22E-04
131.25,60,5.12E-05
135,0.05,2.10E-05
135,0.1,8.65E-06
135,0.15,5.98E-06
135,0.2,4.63E-06
135,0.3,7.01E-06
135,0.4,5.60E-06
135,0.5,4.70E-06
135,0.6,4.33E-06
135,0.8,7.69E-06
135,1,7.21E-06
135,1.5,1.74E-05
135,2,1.77E-05
135,3,3.75E-05
135,4,4.03E-05
135,5,4.28E-05
135,6,4.52E-05
135,8,9.55E-05
135,10,1.00E-04
135,15,2.56E-04
135,20,2.40E-04
135,30,3.70E-04
135,40,2.19E-04
135,50,1.12E-04
135,60,4.65E-05
138.75,0.05,1.73E-05
138.75,0.1,7.12E-06
138.75,0.15,4.96E-06
138.75,0.2,3.92E-06
138.75,0.3,6.10E-06
138.75,0.4,4.88E-06
138.75,0.5,4.23E-06
138.75,0.6,3.86E-06
138.75,0.8,7.00E-06
138.75,1,6.54E-06
138.75,1.5,1.59E-05
138.75,2,1.63E-05
138.75,3,3.45E-05
138.75,4,3.72E-05
138.75,5,3.96E-05
138.75,6,4.15E-05
138.75,8,8.80E-05
138.75,10,9.26E-05
138.75,15,2.36E-04
138.75,20,2.21E-04
138.75,30,3.39E-04
138.75,40,2.00E-04
138.75,50,1.01E-04
138.75,60,4.17E-05
142.5,0.05,1.43E-05
142.5,0.1,5.91E-06
142.5,0.15,4.17E-06
142.5,0.2,3.33E-06
142.5,0.3,5.20E-06
142.5,0.4,4.16E-06
142.5,0.5,3.67E-06
142.5,0.6,3.38E-06
142.5,0.8,6.18E-06
142.5,1,5.93E-06
142.5,1.5,1.45E-05
142.5,2,1.48E-05
142.5,3,3.15E-05
142.5,4,3.39E-05
142.5,5,3.61E-05
142.5,6,3.79E-05
142.5,8,8.04E-05
142.5,10,8.47E-05
142.5,15,2.16E-04
142.5,20,2.01E-04
142.5,30,3.09E-04
142.5,40,1.81E-04
142.5,50,9.15E-05
142.5,60,3.76E-05
146.25,0.05,1.18E-05
146.25,0.1,4.88E-06
146.25,0.15,3.47E-06
146.25,0.2,2.77E-06
146.25,0.3,4.45E-06
146.25,0.4,3.64E-06
146.25,0.5,3.27E-06
146.25,0.6,2.99E-06
146.25,0.8,5.61E-06
146.25,1,5.27E-06
146.25,1.5,1.29E-05
146.25,2,1.34E-05
146.25,3,2.85E-05
146.25,4,3.08E-05
146.25,5,3.27E-05
146.25,6,3.45E-05
146.25,8,7.29E-05
146.25,10,7.68E-05
146.25,15,1.95E-04
146.25,20,1.82E-04
146.25,30,2.79E-04
146.25,40,1.63E-04
146.25,50,8.20E-05
146.25,60,3.34E-05
150,0.05,9.68E-06
150,0.1,4.03E-06
150,0.15,2.88E-06
150,0.2,2.33E-06
150,0.3,3.81E-06
150,0.4,3.20E-06
150,0.5,2.86E-06
150,0.6,2.63E-06
150,0.8,4.99E-06
150,1,4.70E-06
150,1.5,1.16E-05
150,2,1.19E-05
150,3,2.54E-05
150,4,2.75E-05
150,5,2.92E-05
150,6,3.08E-05
150,8,6.54E-05
150,10,6.88E-05
150,15,1.75E-04
150,20,1.63E-04
150,30,2.49E-04
150,40,1.45E-04
150,50,7.26E-05
150,60,2.95E-05
153.75,0.05,7.91E-06
153.75,0.1,3.33E-06
153.75,0.15,2.40E-06
153.75,0.2,2.01E-06
153.75,0.3,3.22E-06
153.75,0.4,2.74E-06
153.75,0.5,2.46E-06
153.75,0.6,2.28E-06
153.75,0.8,4.32E-06
153.75,1,4.12E-06
153.75,1.5,1.02E-05
153.75,2,1.05E-05
153.75,3,2.25E-05
153.75,4,2.43E-05
153.75,5,2.57E-05
153.75,6,2.72E-05
153.75,8,5.77E-05
153.75,10,6.08E-05
153.75,15,1.55E-04
153.75,20,1.44E-04
153.75,30,2.20E-04
153.75,40,1.27E-04
153.75,50,6.34E-05
153.75,60,2.56E-05
157.5,0.05,6.41E-06
157.5,0.1,2.74E-06
157.5,0.15,2.01E-06
157.5,0.2,1.63E-06
157.5,0.3,2.72E-06
157.5,0.4,2.30E-06
157.5,0.5,2.11E-06
157.5,0.6,1.94E-06
157.5,0.8,3.76E-06
157.5,1,3.61E-06
157.5,1.5,8.85E-06
157.5,2,9.14E-06
157.5,3,1.94E-05
157.5,4,2.10E-05
157.5,5,2.23E-05
157.5,6,2.36E-05
157.5,8,5.03E-05
157.5,10,5.27E-05
157.5,15,1.34E-04
157.5,20,1.25E-04
157.5,30,1.90E-04
157.5,40,1.10E-04
157.5,50,5.46E-05
157.5,60,2.20E-05
161.25,0.05,5.11E-06
161.25,0.1,2.18E-06
161.25,0.15,1.63E-06
161.25,0.2,1.31E-06
161.25,0.3,2.26E-06
161.25,0.4,1.91E-06
161.25,0.5,1.74E-06
161.25,0.6,1.62E-06
161.25,0.8,3.09E-06
161.25,1,3.04E-06
161.25,1.5,7.48E-06
161.25,2,7.74E-06
161.25,3,1.65E-05
161.25,4,1.78E-05
161.25,5,1.89E-05
161.25,6,1.99E-05
161.25,8,4.25E-05
161.25,10,4.46E-05
161.25,15,1.14E-04
161.25,20,1.06E-04
161.25,30,1.61E-04
161.25,40,9.28E-05
161.25,50,4.58E-05
161.25,60,1.85E-05
165,0.05,4.00E-06
165,0.1,1.73E-06
165,0.15,1.26E-06
165,0.2,1.06E-06
165,0.3,1.81E-06
165,0.4,1.54E-06
165,0.5,1.47E-06
165,0.6,1.33E-06
165,0.8,2.53E-06
165,1,2.45E-06
165,1.5,6.17E-06
165,2,6.31E-06
165,3,1.35E-05
165,4,1.45E-05
165,5,1.55E-05
165,6,1.63E-05
165,8,3.46E-05
165,10,3.65E-05
165,15,9.32E-05
165,20,8.68E-05
165,30,1.32E-04
165,40,7.57E-05
165,50,3.73E-05
165,60,1.50E-05
168.75,0.05,2.98E-06
168.75,0.1,1.30E-06
168.75,0.15,9.51E-07
168.75,0.2,8.09E-07
168.75,0.3,1.38E-06
168.75,0.4,1.15E-06
168.75,0.5,1.14E-06
168.75,0.6,1.08E-06
168.75,0.8,1.98E-06
168.75,1,1.89E-06
168.75,1.5,4.78E-06
168.75,2,4.89E-06
168.75,3,1.05E-05
168.75,4,1.12E-05
168.75,5,1.20E-05
168.75,6,1.27E-05
168.75,8,2.71E-05
168.75,10,2.83E-05
168.75,15,7.26E-05
168.75,20,6.74E-05
168.75,30,1.02E-04
168.75,40,5.86E-05
168.75,50,2.89E-05
168.75,60,1.16E-05
172.5,0.05,2.07E-06
172.5,0.1,9.11E-07
172.5,0.15,6.74E-07
172.5,0.2,5.68E-07
172.5,0.3,9.45E-07
172.5,0.4,8.06E-07
172.5,0.5,7.63E-07
172.5,0.6,7.29E-07
172.5,0.8,1.39E-06
172.5,1,1.33E-06
172.5,1.5,3.38E-06
172.5,2,3.51E-06
172.5,3,7.47E-06
172.5,4,8.12E-06
172.5,5,8.64E-06
172.5,6,9.11E-06
172.5,8,1.93E-05
172.5,10,2.03E-05
172.5,15,5.19E-05
172.5,20,4.81E-05
172.5,30,7.31E-05
172.5,40,4.19E-05
172.5,50,2.06E-05
172.5,60,8.23E-06
176.25,0.05,1.22E-06
176.25,0.1,5.32E-07
176.25,0.15,3.94E-07
176.25,0.2,3.46E-07
176.25,0.3,5.67E-07
176.25,0.4,4.89E-07
176.25,0.5,4.56E-07
176.25,0.6,4.53E-07
176.25,0.8,8.45E-07
176.25,1,8.03E-07
176.25,1.5,2.05E-06
176.25,2,2.13E-06
176.25,3,4.50E-06
176.25,4,4.85E-06
176.25,5,5.19E-06
176.25,6,5.47E-06
176.25,8,1.16E-05
176.25,10,1.23E-05
176.25,15,3.11E-05
176.25,20,2.90E-05
176.25,30,4.38E-05
176.25,40,2.51E-05
176.25,50,1.23E-05
176.25,60,4.91E-06
180,0.05,4.04E-07
180,0.1,1.75E-07
180,0.15,1.32E-07
180,0.2,1.10E-07
180,0.3,1.97E-07
180,0.4,1.64E-07
180,0.5,1.66E-07
180,0.6,1.43E-07
180,0.8,2.88E-07
180,1,2.63E-07
180,1.5,6.82E-07
180,2,6.93E-07
180,3,1.48E-06
180,4,1.64E-06
180,5,1.71E-06
180,6,1.81E-06
180,8,3.85E-06
180,10,4.12E-06
180,15,1.04E-05
180,20,9.63E-06
180,30,1.46E-05
180,40,8.41E-06
180,50,4.08E-06
180,60,1.61E-06
